Workbook

Sheet Criteria
B1: X Axis | C1: Weightage | F1: Y Axis | G1: Weightage
B2: Solution Capability | C2: 0.5 | F2: Business Excellence | G2: 0.5
B4: Line Items | F4: Line Items
B5: Solution Portfolio | C5: 0.3 | F5: Industry Expertise | G5: 0.25
B6: Innovation and Product Differentiation | C6: 0.2 | F6: Global Presence & Reach | G6: 0.25
B7: Solution Flexibility/Customization | C7: 0.2 | F7: GTM Strategy | G7: 0.2
B8: Scalability/Deployment | C8: 0.15 | F8: Market Reputation | G8: 0.15
B9: Support & Services | C9: 0.15 | F9: Financial Stability & Viability | G9: 0.15

Sheet Vendor Rating
B2: Solution Capability (X Axis)
B3: Solution Portfolio | C3: Innovation and Product Differentiation | D3: Solution Flexibility/Customization | E3: Scalability/Deployment | F3: Support & Services | G3: Overall Rating
A4: Vendor 1 | B4: ='Solution Capability'!F5 -> 0.18 | C4: ='Solution Capability'!F9 -> 0.068 | D4: ='Solution Capability'!F13 -> 0.104 | E4: ='Solution Capability'!F17 -> 0.087 | F4: ='Solution Capability'!F21 -> 0.0885 | G4: ='Solution Capability'!F23 -> 0.5275
A5: Vendor 2 | B5: ='Solution Capability'!J5 -> 0.237 | C5: ='Solution Capability'!J9 -> 0.094 | D5: ='Solution Capability'!J13 -> 0.108 | E5: ='Solution Capability'!J17 -> 0.1065 | F5: ='Solution Capability'!J21 -> 0.0765 | G5: ='Solution Capability'!J23 -> 0.622
A6: Vendor 3 | B6: ='Solution Capability'!N5 -> 0.282 | C6: ='Solution Capability'!N9 -> 0.12 | D6: ='Solution Capability'!N13 -> 0.188 | E6: ='Solution Capability'!N17 -> 0.123 | F6: ='Solution Capability'!N21 -> 0.1155 | G6: ='Solution Capability'!N23 -> 0.8285
A7: Vendor 4 | B7: ='Solution Capability'!R5 -> 0.117 | C7: ='Solution Capability'!R9 -> 0.12 | D7: ='Solution Capability'!R13 -> 0.058 | E7: ='Solution Capability'!R17 -> 0.0855 | F7: ='Solution Capability'!R21 -> 0.069 | G7: ='Solution Capability'!R23 -> 0.4495
A8: Vendor 5 | B8: ='Solution Capability'!V5 -> 0.147 | C8: ='Solution Capability'!V9 -> 0.088 | D8: ='Solution Capability'!V13 -> 0.11 | E8: ='Solution Capability'!V17 -> 0.129 | F8: ='Solution Capability'!V21 -> 0.0945 | G8: ='Solution Capability'!V23 -> 0.5685
B9: Business Excellence (Y Axis)
B10: Industry Expertise | C10: Global Presence & Reach | D10: GTM Strategy | E10: Market Reputation | F10: Financial Stability & Viability | G10: Overall Rating
A11: Vendor 1 | B11: ='Business Excellence'!F5 -> 0.1625 | C11: ='Business Excellence'!F9 -> 0.1475 | D11: ='Business Excellence'!F13 -> 0.15 | E11: ='Business Excellence'!F17 -> 0.081 | F11: ='Business Excellence'!F21 -> 0.108 | G11: ='Business Excellence'!F23 -> 0.649
A12: Vendor 2 | B12: ='Business Excellence'!J5 -> 0.1975 | C12: ='Business Excellence'!J9 -> 0.1825 | D12: ='Business Excellence'!J13 -> 0.114 | E12: ='Business Excellence'!J17 -> 0.093 | F12: ='Business Excellence'!J21 -> 0.1125 | G12: ='Business Excellence'!J23 -> 0.6995
A13: Vendor 3 | B13: ='Business Excellence'!N5 -> 0.1625 | C13: ='Business Excellence'!N9 -> 0.12 | D13: ='Business Excellence'!N13 -> 0.104 | E13: ='Business Excellence'!N17 -> 0.12 | F13: ='Business Excellence'!N21 -> 0.0885 | G13: ='Business Excellence'!N23 -> 0.595
A14: Vendor 4 | B14: ='Business Excellence'!R5 -> 0.1425 | C14: ='Business Excellence'!R9 -> 0.0825 | D14: ='Business Excellence'!R13 -> 0.084 | E14: ='Business Excellence'!R17 -> 0.0525 | F14: ='Business Excellence'!R21 -> 0.0525 | G14: ='Business Excellence'!R23 -> 0.414
A15: Vendor 5 | B15: ='Business Excellence'!V5 -> 0.1225 | C15: ='Business Excellence'!V9 -> 0.1025 | D15: ='Business Excellence'!V13 -> 0.088 | E15: ='Business Excellence'!V17 -> 0.0975 | F15: ='Business Excellence'!V21 -> 0.069 | G15: ='Business Excellence'!V23 -> 0.4795

Sheet Solution Capability
A1: Category | B1: Sub-Category | C1: Question | D1: Weight | E1: Vendor 1 | H1: Weight | I1: Vendor 2 | L1: Weight | M1: Vendor 3 | P1: Weight | Q1: Vendor 4 | T1: Weight | U1: Vendor 5
A2: Solution Capability | B2: Solution Portfolio | C2: Does the vendor offer a diverse solution portfolio? | D2: 0.3 | E2: 7 | H2: 0.3 | I2: 9 | L2: 0.3 | M2: 9 | P2: 0.3 | Q2: 2 | T2: 0.3 | U2: 6
C3: How well does the solution portfolio align with market needs? | D3: 0.3 | E3: 5 | H3: 0.3 | I3: 8 | L3: 0.3 | M3: 9 | P3: 0.3 | Q3: 3 | T3: 0.3 | U3: 5
C4: Is the vendor's solution portfolio innovative? | D4: 0.4 | E4: 6 | H4: 0.4 | I4: 7 | L4: 0.4 | M4: 10 | P4: 0.4 | Q4: 6 | T4: 0.4 | U4: 4
D5: 0.3 | E5: =(E$2*D2)+(E$3*D3)+(E$4*D4) -> 6 | F5: =D$5*E5/10 -> 0.18 | H5: 0.3 | I5: =(I$2*H2)+(I$3*H3)+(I$4*H4) -> 7.9 | J5: =H$5*I5/10 -> 0.237 | L5: 0.3 | M5: =(M$2*L2)+(M$3*L3)+(M$4*L4) -> 9.4 | N5: =L$5*M5/10 -> 0.282 | P5: 0.3 | Q5: =(Q$2*P2)+(Q$3*P3)+(Q$4*P4) -> 3.9 | R5: =P$5*Q5/10 -> 0.117 | T5: 0.3 | U5: =(U$2*T2)+(U$3*T3)+(U$4*T4) -> 4.9 | V5: =T$5*U5/10 -> 0.147
A6: Solution Capability | B6: Innovation and Product Differentiation | C6: How unique are the vendor's solutions? | D6: 0.4 | E6: 4 | H6: 0.4 | I6: 5 | L6: 0.4 | M6: 6 | P6: 0.4 | Q6: 6 | T6: 0.4 | U6: 5
C7: Are the solutions differentiated in the market? | D7: 0.3 | E7: 3 | H7: 0.3 | I7: 6 | L7: 0.3 | M7: 3 | P7: 0.3 | Q7: 4 | T7: 0.3 | U7: 5
C8: How much does the vendor innovate in product development? | D8: 0.3 | E8: 3 | H8: 0.3 | I8: 3 | L8: 0.3 | M8: 9 | P8: 0.3 | Q8: 8 | T8: 0.3 | U8: 3
D9: 0.2 | E9: =(E$6*D6)+(E$7*D7)+(E$8*D8) -> 3.4 | F9: =D$9*E9/10 -> 0.068 | H9: 0.2 | I9: =(I$6*H6)+(I$7*H7)+(I$8*H8) -> 4.7 | J9: =H$9*I9/10 -> 0.094 | L9: 0.2 | M9: =(M$6*L6)+(M$7*L7)+(M$8*L8) -> 6 | N9: =L$9*M9/10 -> 0.12 | P9: 0.2 | Q9: =(Q$6*P6)+(Q$7*P7)+(Q$8*P8) -> 6 | R9: =P$9*Q9/10 -> 0.12 | T9: 0.2 | U9: =(U$6*T6)+(U$7*T7)+(U$8*T8) -> 4.4 | V9: =T$9*U9/10 -> 0.088
A10: Solution Capability | B10: Solution Flexibility/Customization | C10: How customizable are the solutions for specific needs? | D10: 0.4 | E10: 4 | H10: 0.4 | I10: 6 | L10: 0.4 | M10: 10 | P10: 0.4 | Q10: 2 | T10: 0.4 | U10: 7
C11: Does the vendor offer flexible solutions? | D11: 0.3 | E11: 5 | H11: 0.3 | I11: 3 | L11: 0.3 | M11: 9 | P11: 0.3 | Q11: 3 | T11: 0.3 | U11: 5
C12: How adaptable are the solutions to changing business environments? | D12: 0.3 | E12: 7 | H12: 0.3 | I12: 7 | L12: 0.3 | M12: 9 | P12: 0.3 | Q12: 4 | T12: 0.3 | U12: 4
D13: 0.2 | E13: =(E$10*D10)+(E$11*D11)+(E$12*D12) -> 5.2 | F13: =D$13*E13/10 -> 0.104 | H13: 0.2 | I13: =(I$10*H10)+(I$11*H11)+(I$12*H12) -> 5.4 | J13: =H$13*I13/10 -> 0.108 | L13: 0.2 | M13: =(M$10*L10)+(M$11*L11)+(M$12*L12) -> 9.4 | N13: =L$13*M13/10 -> 0.188 | P13: 0.2 | Q13: =(Q$10*P10)+(Q$11*P11)+(Q$12*P12) -> 2.9 | R13: =P$13*Q13/10 -> 0.058 | T13: 0.2 | U13: =(U$10*T10)+(U$11*T11)+(U$12*T12) -> 5.5 | V13: =T$13*U13/10 -> 0.11
A14: Solution Capability | B14: Scalability/Deployment | C14: How easily can the solutions scale as the business grows? | D14: 0.4 | E14: 7 | H14: 0.4 | I14: 8 | L14: 0.4 | M14: 10 | P14: 0.4 | Q14: 9 | T14: 0.4 | U14: 8
C15: Does the vendor provide efficient deployment options? | D15: 0.3 | E15: 6 | H15: 0.3 | I15: 7 | L15: 0.3 | M15: 8 | P15: 0.3 | Q15: 3 | T15: 0.3 | U15: 8
C16: Is the deployment process fast and efficient? | D16: 0.3 | E16: 4 | H16: 0.3 | I16: 6 | L16: 0.3 | M16: 6 | P16: 0.3 | Q16: 4 | T16: 0.3 | U16: 10
D17: 0.15 | E17: =(E$14*D14)+(E$15*D15)+(E$16*D16) -> 5.8 | F17: =D$17*E17/10 -> 0.087 | H17: 0.15 | I17: =(I$14*H14)+(I$15*H15)+(I$16*H16) -> 7.1 | J17: =H$17*I17/10 -> 0.1065 | L17: 0.15 | M17: =(M$14*L14)+(M$15*L15)+(M$16*L16) -> 8.2 | N17: =L$17*M17/10 -> 0.123 | P17: 0.15 | Q17: =(Q$14*P14)+(Q$15*P15)+(Q$16*P16) -> 5.7 | R17: =P$17*Q17/10 -> 0.0855 | T17: 0.15 | U17: =(U$14*T14)+(U$15*T15)+(U$16*T16) -> 8.6 | V17: =T$17*U17/10 -> 0.129
A18: Solution Capability | B18: Support & Services | C18: How responsive is the vendor's support team? | D18: 0.4 | E18: 8 | H18: 0.4 | I18: 9 | L18: 0.4 | M18: 8 | P18: 0.4 | Q18: 7 | T18: 0.4 | U18: 6
C19: Are the support services available 24/7? | D19: 0.3 | E19: 5 | H19: 0.3 | I19: 3 | L19: 0.3 | M19: 7 | P19: 0.3 | Q19: 2 | T19: 0.3 | U19: 9
C20: How comprehensive are the support services offered? | D20: 0.3 | E20: 4 | H20: 0.3 | I20: 2 | L20: 0.3 | M20: 8 | P20: 0.3 | Q20: 4 | T20: 0.3 | U20: 4
D21: 0.15 | E21: =(E$18*D18)+(E$19*D19)+(E$20*D20) -> 5.9 | F21: =D$21*E21/10 -> 0.0885 | H21: 0.15 | I21: =(I$18*H18)+(I$19*H19)+(I$20*H20) -> 5.1 | J21: =H$21*I21/10 -> 0.0765 | L21: 0.15 | M21: =(M$18*L18)+(M$19*L19)+(M$20*L20) -> 7.7 | N21: =L$21*M21/10 -> 0.1155 | P21: 0.15 | Q21: =(Q$18*P18)+(Q$19*P19)+(Q$20*P20) -> 4.6 | R21: =P$21*Q21/10 -> 0.069 | T21: 0.15 | U21: =(U$18*T18)+(U$19*T19)+(U$20*T20) -> 6.3 | V21: =T$21*U21/10 -> 0.0945
F23: =SUM(F2:F21) -> 0.5275 | J23: =SUM(J2:J21) -> 0.622 | N23: =SUM(N2:N21) -> 0.8285 | R23: =SUM(R2:R21) -> 0.4495 | V23: =SUM(V2:V21) -> 0.5685

Sheet Business Excellence
A1: Category | B1: Sub-Category | C1: Question | D1: Weight | E1: Vendor 1 | H1: Weight | I1: Vendor 2 | L1: Weight | M1: Vendor 3 | P1: Weight | Q1: Vendor 4 | T1: Weight | U1: Vendor 5
A2: Business Excellence | B2: Industry Expertise | C2: How deep is the vendor's expertise in the industry? | D2: 0.4 | E2: 8 | H2: 0.4 | I2: 7 | L2: 0.4 | M2: 8 | P2: 0.4 | Q2: 6 | T2: 0.4 | U2: 7
C3: Does the vendor demonstrate thought leadership in the industry? | D3: 0.3 | E3: 3 | H3: 0.3 | I3: 9 | L3: 0.3 | M3: 7 | P3: 0.3 | Q3: 5 | T3: 0.3 | U3: 2
C4: How relevant is the vendor's experience to the client's needs? | D4: 0.3 | E4: 8 | H4: 0.3 | I4: 8 | L4: 0.3 | M4: 4 | P4: 0.3 | Q4: 6 | T4: 0.3 | U4: 5
D5: 0.25 | E5: =(D2*E2)+(D3*E3)+(D4*E4) -> 6.5 | F5: =D5*E5/10 -> 0.1625 | H5: 0.25 | I5: =(H2*I2)+(H3*I3)+(H4*I4) -> 7.9 | J5: =H5*I5/10 -> 0.1975 | L5: 0.25 | M5: =(L2*M2)+(L3*M3)+(L4*M4) -> 6.5 | N5: =L5*M5/10 -> 0.1625 | P5: 0.25 | Q5: =(P2*Q2)+(P3*Q3)+(P4*Q4) -> 5.7 | R5: =P5*Q5/10 -> 0.1425 | T5: 0.25 | U5: =(T2*U2)+(T3*U3)+(T4*U4) -> 4.9 | V5: =T5*U5/10 -> 0.1225
A6: Business Excellence | B6: Global Presence & Reach | C6: Does the vendor have a strong global presence? | D6: 0.4 | E6: 8 | H6: 0.4 | I6: 7 | L6: 0.4 | M6: 6 | P6: 0.4 | Q6: 3 | T6: 0.4 | U6: 5
C7: How well does the vendor support global operations? | D7: 0.3 | E7: 7 | H7: 0.3 | I7: 6 | L7: 0.3 | M7: 5 | P7: 0.3 | Q7: 3 | T7: 0.3 | U7: 3
C8: Does the vendor have regional support teams? | D8: 0.3 | E8: 2 | H8: 0.3 | I8: 9 | L8: 0.3 | M8: 3 | P8: 0.3 | Q8: 4 | T8: 0.3 | U8: 4
D9: 0.25 | E9: =(D6*E6)+(D7*E7)+(D8*E8) -> 5.9 | F9: =D9*E9/10 -> 0.1475 | H9: 0.25 | I9: =(H6*I6)+(H7*I7)+(H8*I8) -> 7.3 | J9: =H9*I9/10 -> 0.1825 | L9: 0.25 | M9: =(L6*M6)+(L7*M7)+(L8*M8) -> 4.8 | N9: =L9*M9/10 -> 0.12 | P9: 0.25 | Q9: =(P6*Q6)+(P7*Q7)+(P8*Q8) -> 3.3 | R9: =P9*Q9/10 -> 0.0825 | T9: 0.25 | U9: =(T6*U6)+(T7*U7)+(T8*U8) -> 4.1 | V9: =T9*U9/10 -> 0.1025
A10: Business Excellence | B10: Market Reputation | C10: What is the general market perception of the vendor? | D10: 0.4 | E10: 6 | H10: 0.4 | I10: 6 | L10: 0.4 | M10: 7 | P10: 0.4 | Q10: 3 | T10: 0.4 | U10: 8
C11: How well-known is the vendor in the market? | D11: 0.3 | E11: 8 | H11: 0.3 | I11: 4 | L11: 0.3 | M11: 6 | P11: 0.3 | Q11: 5 | T11: 0.3 | U11: 2
C12: Are there positive reviews or testimonials from existing clients? | D12: 0.3 | E12: 9 | H12: 0.3 | I12: 7 | L12: 0.3 | M12: 2 | P12: 0.3 | Q12: 5 | T12: 0.3 | U12: 2
D13: 0.2 | E13: =(D10*E10)+(D11*E11)+(D12*E12) -> 7.5 | F13: =D13*E13/10 -> 0.15 | H13: 0.2 | I13: =(H10*I10)+(H11*I11)+(H12*I12) -> 5.7 | J13: =H13*I13/10 -> 0.114 | L13: 0.2 | M13: =(L10*M10)+(L11*M11)+(L12*M12) -> 5.2 | N13: =L13*M13/10 -> 0.104 | P13: 0.2 | Q13: =(P10*Q10)+(P11*Q11)+(P12*Q12) -> 4.2 | R13: =P13*Q13/10 -> 0.084 | T13: 0.2 | U13: =(T10*U10)+(T11*U11)+(T12*U12) -> 4.4 | V13: =T13*U13/10 -> 0.088
A14: Business Excellence | B14: GTM Strategy | C14: How well-defined is the vendor's go-to-market strategy? | D14: 0.4 | E14: 3 | H14: 0.4 | I14: 8 | L14: 0.4 | M14: 8 | P14: 0.4 | Q14: 5 | T14: 0.4 | U14: 8
C15: How effectively does the vendor target its market segments? | D15: 0.3 | E15: 8 | H15: 0.3 | I15: 3 | L15: 0.3 | M15: 9 | P15: 0.3 | Q15: 2 | T15: 0.3 | U15: 4
C16: How successful has the vendor been with its GTM execution? | D16: 0.3 | E16: 6 | H16: 0.3 | I16: 7 | L16: 0.3 | M16: 7 | P16: 0.3 | Q16: 3 | T16: 0.3 | U16: 7
D17: 0.15 | E17: =(D14*E14)+(D15*E15)+(D16*E16) -> 5.4 | F17: =D17*E17/10 -> 0.081 | H17: 0.15 | I17: =(H14*I14)+(H15*I15)+(H16*I16) -> 6.2 | J17: =H17*I17/10 -> 0.093 | L17: 0.15 | M17: =(L14*M14)+(L15*M15)+(L16*M16) -> 8 | N17: =L17*M17/10 -> 0.12 | P17: 0.15 | Q17: =(P14*Q14)+(P15*Q15)+(P16*Q16) -> 3.5 | R17: =P17*Q17/10 -> 0.0525 | T17: 0.15 | U17: =(T14*U14)+(T15*U15)+(T16*U16) -> 6.5 | V17: =T17*U17/10 -> 0.0975
A18: Business Excellence | B18: Financial Stability & Viability | C18: What is the vendor's financial health? | D18: 0.4 | E18: 9 | H18: 0.4 | I18: 9 | L18: 0.4 | M18: 8 | P18: 0.4 | Q18: 5 | T18: 0.4 | U18: 4
C19: How sustainable is the vendor's business model? | D19: 0.3 | E19: 3 | H19: 0.3 | I19: 7 | L19: 0.3 | M19: 4 | P19: 0.3 | Q19: 3 | T19: 0.3 | U19: 7
C20: Does the vendor have strong long-term financial prospects? | D20: 0.3 | E20: 9 | H20: 0.3 | I20: 6 | L20: 0.3 | M20: 5 | P20: 0.3 | Q20: 2 | T20: 0.3 | U20: 3
D21: 0.15 | E21: =(D18*E18)+(D19*E19)+(D20*E20) -> 7.2 | F21: =D21*E21/10 -> 0.108 | H21: 0.15 | I21: =(H18*I18)+(H19*I19)+(H20*I20) -> 7.5 | J21: =H21*I21/10 -> 0.1125 | L21: 0.15 | M21: =(L18*M18)+(L19*M19)+(L20*M20) -> 5.9 | N21: =L21*M21/10 -> 0.0885 | P21: 0.15 | Q21: =(P18*Q18)+(P19*Q19)+(P20*Q20) -> 3.5 | R21: =P21*Q21/10 -> 0.0525 | T21: 0.15 | U21: =(T18*U18)+(T19*U19)+(T20*U20) -> 4.6 | V21: =T21*U21/10 -> 0.069
F23: =SUM(F5,F9,F13,F17,F21) -> 0.649 | J23: =SUM(J5,J9,J13,J17,J21) -> 0.6995 | N23: =SUM(N5,N9,N13,N17,N21) -> 0.595 | R23: =SUM(R5,R9,R13,R17,R21) -> 0.414 | V23: =SUM(V5,V9,V13,V17,V21) -> 0.4795
